[{"model": "admin.logentry", "pk": 1, "fields": {"action_time": "2020-11-16T09:14:25.798Z", "user": 1, "content_type": 7, "object_id": "1", "object_repr": "Холодные блюда", "action_flag": 1, "change_message": "[{\"added\": {}}]"}}, {"model": "admin.logentry", "pk": 2, "fields": {"action_time": "2020-11-16T09:14:44.519Z", "user": 1, "content_type": 7, "object_id": "2", "object_repr": "Супы", "action_flag": 1, "change_message": "[{\"added\": {}}]"}}, {"model": "admin.logentry", "pk": 3, "fields": {"action_time": "2020-11-16T09:15:01.491Z", "user": 1, "content_type": 7, "object_id": "3", "object_repr": "Вторые блюда", "action_flag": 1, "change_message": "[{\"added\": {}}]"}}, {"model": "admin.logentry", "pk": 4, "fields": {"action_time": "2020-11-16T09:15:21.545Z", "user": 1, "content_type": 7, "object_id": "4", "object_repr": "Гарниры", "action_flag": 1, "change_message": "[{\"added\": {}}]"}}, {"model": "admin.logentry", "pk": 5, "fields": {"action_time": "2020-11-16T09:15:38.727Z", "user": 1, "content_type": 7, "object_id": "5", "object_repr": "Мучные изделия", "action_flag": 1, "change_message": "[{\"added\": {}}]"}}, {"model": "admin.logentry", "pk": 6, "fields": {"action_time": "2020-11-16T09:18:38.779Z", "user": 1, "content_type": 8, "object_id": "1", "object_repr": "Салат \"крабовый\"", "action_flag": 1, "change_message": "[{\"added\": {}}]"}}, {"model": "admin.logentry", "pk": 7, "fields": {"action_time": "2020-11-16T09:19:54.068Z", "user": 1, "content_type": 8, "object_id": "2", "object_repr": "Салат из редьки и морковки", "action_flag": 1, "change_message": "[{\"added\": {}}]"}}, {"model": "admin.logentry", "pk": 8, "fields": {"action_time": "2020-11-16T09:21:27.936Z", "user": 1, "content_type": 8, "object_id": "3", "object_repr": "Салат из капусты", "action_flag": 1, "change_message": "[{\"added\": {}}]"}}, {"model": "admin.logentry", "pk": 9, "fields": {"action_time": "2020-11-16T09:23:09.052Z", "user": 1, "content_type": 8, "object_id": "4", "object_repr": "Салат из свеклы с сыром и чесноком", "action_flag": 1, "change_message": "[{\"added\": {}}]"}}, {"model": "admin.logentry", "pk": 10, "fields": {"action_time": "2020-11-16T09:24:50.911Z", "user": 1, "content_type": 8, "object_id": "5", "object_repr": "Салат коктель \"Сюрприз\"", "action_flag": 1, "change_message": "[{\"added\": {}}]"}}, {"model": "admin.logentry", "pk": 11, "fields": {"action_time": "2020-11-16T09:26:22.911Z", "user": 1, "content_type": 8, "object_id": "6", "object_repr": "Заливное из языка", "action_flag": 1, "change_message": "[{\"added\": {}}]"}}, {"model": "admin.logentry", "pk": 12, "fields": {"action_time": "2020-11-16T09:28:38.878Z", "user": 1, "content_type": 8, "object_id": "7", "object_repr": "Солянка домашняя", "action_flag": 1, "change_message": "[{\"added\": {}}]"}}, {"model": "admin.logentry", "pk": 13, "fields": {"action_time": "2020-11-16T09:30:25.500Z", "user": 1, "content_type": 8, "object_id": "8", "object_repr": "Суп картофельный с горохом", "action_flag": 1, "change_message": "[{\"added\": {}}]"}}, {"model": "admin.logentry", "pk": 14, "fields": {"action_time": "2020-11-16T09:31:26.662Z", "user": 1, "content_type": 8, "object_id": "9", "object_repr": "Гренки из пшеничного хлеба", "action_flag": 1, "change_message": "[{\"added\": {}}]"}}, {"model": "admin.logentry", "pk": 15, "fields": {"action_time": "2020-11-16T09:33:04.426Z", "user": 1, "content_type": 8, "object_id": "10", "object_repr": "Сметана", "action_flag": 1, "change_message": "[{\"added\": {}}]"}}, {"model": "admin.logentry", "pk": 16, "fields": {"action_time": "2020-11-16T09:35:16.549Z", "user": 1, "content_type": 8, "object_id": "11", "object_repr": "Котлета по волжски из трески", "action_flag": 1, "change_message": "[{\"added\": {}}]"}}, {"model": "admin.logentry", "pk": 17, "fields": {"action_time": "2020-11-16T09:36:14.535Z", "user": 1, "content_type": 8, "object_id": "12", "object_repr": "Рыба жаренная окунь", "action_flag": 1, "change_message": "[{\"added\": {}}]"}}, {"model": "admin.logentry", "pk": 18, "fields": {"action_time": "2020-11-16T09:37:35.865Z", "user": 1, "content_type": 8, "object_id": "13", "object_repr": "Мясо отварное говядина", "action_flag": 1, "change_message": "[{\"added\": {}}]"}}, {"model": "admin.logentry", "pk": 19, "fields": {"action_time": "2020-11-16T09:39:24.848Z", "user": 1, "content_type": 8, "object_id": "14", "object_repr": "Азу", "action_flag": 1, "change_message": "[{\"added\": {}}]"}}, {"model": "admin.logentry", "pk": 20, "fields": {"action_time": "2020-11-16T09:41:34.009Z", "user": 1, "content_type": 8, "object_id": "15", "object_repr": "Биточки мясные с омлетом", "action_flag": 1, "change_message": "[{\"added\": {}}]"}}, {"model": "admin.logentry", "pk": 21, "fields": {"action_time": "2020-11-16T09:42:54.175Z", "user": 1, "content_type": 8, "object_id": "16", "object_repr": "Мясо острое свинина", "action_flag": 1, "change_message": "[{\"added\": {}}]"}}, {"model": "admin.logentry", "pk": 22, "fields": {"action_time": "2020-11-16T09:46:12.997Z", "user": 1, "content_type": 8, "object_id": "17", "object_repr": "Оладьи из печени \"Лада\"", "action_flag": 1, "change_message": "[{\"added\": {}}]"}}, {"model": "admin.logentry", "pk": 23, "fields": {"action_time": "2020-11-16T09:48:11.410Z", "user": 1, "content_type": 8, "object_id": "18", "object_repr": "Отбивная из куриной грудки с овощями", "action_flag": 1, "change_message": "[{\"added\": {}}]"}}, {"model": "admin.logentry", "pk": 24, "fields": {"action_time": "2020-11-16T09:49:03.943Z", "user": 1, "content_type": 8, "object_id": "18", "object_repr": "Отбивная из куриной грудки с овощами", "action_flag": 2, "change_message": "[{\"changed\": {\"fields\": [\"Title\"]}}]"}}, {"model": "admin.logentry", "pk": 25, "fields": {"action_time": "2020-11-16T09:49:50.744Z", "user": 1, "content_type": 8, "object_id": "19", "object_repr": "Сырники из творога", "action_flag": 1, "change_message": "[{\"added\": {}}]"}}, {"model": "admin.logentry", "pk": 26, "fields": {"action_time": "2020-11-16T09:51:39.734Z", "user": 1, "content_type": 8, "object_id": "20", "object_repr": "Каша из овсяных хлопьев", "action_flag": 1, "change_message": "[{\"added\": {}}]"}}, {"model": "admin.logentry", "pk": 27, "fields": {"action_time": "2020-11-16T09:53:04.153Z", "user": 1, "content_type": 8, "object_id": "21", "object_repr": "Масло сливочное", "action_flag": 1, "change_message": "[{\"added\": {}}]"}}, {"model": "admin.logentry", "pk": 28, "fields": {"action_time": "2020-11-16T09:54:30.496Z", "user": 1, "content_type": 8, "object_id": "22", "object_repr": "Картофель отварной с грибами", "action_flag": 1, "change_message": "[{\"added\": {}}]"}}, {"model": "admin.logentry", "pk": 29, "fields": {"action_time": "2020-11-16T09:55:54.492Z", "user": 1, "content_type": 8, "object_id": "23", "object_repr": "Макароны отварные с овощами", "action_flag": 1, "change_message": "[{\"added\": {}}]"}}, {"model": "admin.logentry", "pk": 30, "fields": {"action_time": "2020-11-16T09:56:57.405Z", "user": 1, "content_type": 8, "object_id": "24", "object_repr": "Каша гречневая рассыпчатая", "action_flag": 1, "change_message": "[{\"added\": {}}]"}}, {"model": "admin.logentry", "pk": 31, "fields": {"action_time": "2020-11-16T09:57:35.892Z", "user": 1, "content_type": 8, "object_id": "25", "object_repr": "Лук маринованный", "action_flag": 1, "change_message": "[{\"added\": {}}]"}}, {"model": "admin.logentry", "pk": 32, "fields": {"action_time": "2020-11-16T09:58:51.038Z", "user": 1, "content_type": 8, "object_id": "26", "object_repr": "Огурцы консервированные", "action_flag": 1, "change_message": "[{\"added\": {}}]"}}, {"model": "admin.logentry", "pk": 33, "fields": {"action_time": "2020-11-16T09:59:56.341Z", "user": 1, "content_type": 8, "object_id": "27", "object_repr": "Свекла вареная тертая", "action_flag": 1, "change_message": "[{\"added\": {}}]"}}, {"model": "admin.logentry", "pk": 34, "fields": {"action_time": "2020-11-16T10:00:45.961Z", "user": 1, "content_type": 8, "object_id": "28", "object_repr": "Чеснок свежий", "action_flag": 1, "change_message": "[{\"added\": {}}]"}}, {"model": "admin.logentry", "pk": 35, "fields": {"action_time": "2020-11-16T10:01:42.262Z", "user": 1, "content_type": 8, "object_id": "29", "object_repr": "Майонез", "action_flag": 1, "change_message": "[{\"added\": {}}]"}}, {"model": "admin.logentry", "pk": 36, "fields": {"action_time": "2020-11-16T10:02:39.452Z", "user": 1, "content_type": 8, "object_id": "30", "object_repr": "Горчица", "action_flag": 1, "change_message": "[{\"added\": {}}]"}}, {"model": "admin.logentry", "pk": 37, "fields": {"action_time": "2020-11-16T10:03:27.253Z", "user": 1, "content_type": 8, "object_id": "31", "object_repr": "Кетчуп", "action_flag": 1, "change_message": "[{\"added\": {}}]"}}, {"model": "admin.logentry", "pk": 38, "fields": {"action_time": "2020-11-16T10:04:39.648Z", "user": 1, "content_type": 8, "object_id": "32", "object_repr": "Булочка \"Оригинальная\"", "action_flag": 1, "change_message": "[{\"added\": {}}]"}}, {"model": "admin.logentry", "pk": 39, "fields": {"action_time": "2020-11-16T10:05:42.708Z", "user": 1, "content_type": 8, "object_id": "33", "object_repr": "Плетенка с тыквой", "action_flag": 1, "change_message": "[{\"added\": {}}]"}}, {"model": "admin.logentry", "pk": 40, "fields": {"action_time": "2020-11-16T10:07:52.028Z", "user": 1, "content_type": 8, "object_id": "34", "object_repr": "Элеш с птицей", "action_flag": 1, "change_message": "[{\"added\": {}}]"}}, {"model": "admin.logentry", "pk": 41, "fields": {"action_time": "2020-11-16T10:08:54.204Z", "user": 1, "content_type": 8, "object_id": "35", "object_repr": "Хлеб пшеничные", "action_flag": 1, "change_message": "[{\"added\": {}}]"}}, {"model": "admin.logentry", "pk": 42, "fields": {"action_time": "2020-11-16T10:10:00.841Z", "user": 1, "content_type": 8, "object_id": "36", "object_repr": "Хлеб столичный", "action_flag": 1, "change_message": "[{\"added\": {}}]"}}, {"model": "admin.logentry", "pk": 43, "fields": {"action_time": "2020-11-16T10:11:15.715Z", "user": 1, "content_type": 8, "object_id": "37", "object_repr": "Хлеб 8 злаков", "action_flag": 1, "change_message": "[{\"added\": {}}]"}}, {"model": "admin.logentry", "pk": 44, "fields": {"action_time": "2020-11-25T03:26:33.935Z", "user": 1, "content_type": 8, "object_id": "21", "object_repr": "Масло сливочное", "action_flag": 2, "change_message": "[{\"changed\": {\"fields\": [\"Keywords\", \"Slug\"]}}]"}}, {"model": "admin.logentry", "pk": 45, "fields": {"action_time": "2020-11-25T03:33:52.490Z", "user": 1, "content_type": 10, "object_id": "5", "object_repr": "Антон", "action_flag": 2, "change_message": "[]"}}, {"model": "admin.logentry", "pk": 46, "fields": {"action_time": "2020-11-25T05:24:32.067Z", "user": 1, "content_type": 10, "object_id": "7", "object_repr": "Anton", "action_flag": 2, "change_message": "[{\"changed\": {\"name\": \"order product\", \"object\": \"\\u041c\\u0430\\u0441\\u043b\\u043e \\u0441\\u043b\\u0438\\u0432\\u043e\\u0447\\u043d\\u043e\\u0435\", \"fields\": [\"Status\"]}}, {\"changed\": {\"name\": \"order product\", \"object\": \"\\u0425\\u043b\\u0435\\u0431 8 \\u0437\\u043b\\u0430\\u043a\\u043e\\u0432\", \"fields\": [\"Status\"]}}]"}}, {"model": "admin.logentry", "pk": 47, "fields": {"action_time": "2020-11-25T05:24:44.901Z", "user": 1, "content_type": 10, "object_id": "7", "object_repr": "Anton", "action_flag": 2, "change_message": "[{\"changed\": {\"fields\": [\"Status\"]}}]"}}, {"model": "admin.logentry", "pk": 48, "fields": {"action_time": "2020-11-25T06:05:13.397Z", "user": 1, "content_type": 9, "object_id": "17", "object_repr": "Заливное из языка", "action_flag": 3, "change_message": ""}}, {"model": "admin.logentry", "pk": 49, "fields": {"action_time": "2020-12-25T19:42:48.527Z", "user": 1, "content_type": 10, "object_id": "3", "object_repr": "Nikita", "action_flag": 3, "change_message": ""}}, {"model": "admin.logentry", "pk": 50, "fields": {"action_time": "2020-12-25T19:42:48.531Z", "user": 1, "content_type": 10, "object_id": "1", "object_repr": "Антон", "action_flag": 3, "change_message": ""}}, {"model": "admin.logentry", "pk": 51, "fields": {"action_time": "2020-12-26T07:46:02.544Z", "user": 1, "content_type": 7, "object_id": "6", "object_repr": "Пироги на заказ", "action_flag": 1, "change_message": "[{\"added\": {}}]"}}, {"model": "admin.logentry", "pk": 52, "fields": {"action_time": "2020-12-26T07:46:10.242Z", "user": 1, "content_type": 7, "object_id": "6", "object_repr": "Пироги на заказ", "action_flag": 2, "change_message": "[{\"changed\": {\"fields\": [\"tree_id\"]}}]"}}, {"model": "admin.logentry", "pk": 53, "fields": {"action_time": "2020-12-26T07:50:45.100Z", "user": 1, "content_type": 8, "object_id": "38", "object_repr": "Курица картофель – 1кг", "action_flag": 1, "change_message": "[{\"added\": {}}]"}}, {"model": "admin.logentry", "pk": 54, "fields": {"action_time": "2020-12-26T07:53:40.765Z", "user": 1, "content_type": 8, "object_id": "39", "object_repr": "Зеленый лук с яйцом – 1кг", "action_flag": 1, "change_message": "[{\"added\": {}}]"}}, {"model": "admin.logentry", "pk": 55, "fields": {"action_time": "2020-12-26T07:55:57.828Z", "user": 1, "content_type": 8, "object_id": "40", "object_repr": "Пирог с семгой -1кг", "action_flag": 1, "change_message": "[{\"added\": {}}]"}}, {"model": "admin.logentry", "pk": 56, "fields": {"action_time": "2020-12-26T07:56:13.586Z", "user": 1, "content_type": 8, "object_id": "40", "object_repr": "Пирог с семгой - 1кг", "action_flag": 2, "change_message": "[{\"changed\": {\"fields\": [\"Title\"]}}]"}}, {"model": "admin.logentry", "pk": 57, "fields": {"action_time": "2020-12-26T07:58:06.510Z", "user": 1, "content_type": 8, "object_id": "41", "object_repr": "Пирог с яблоком - 1кг", "action_flag": 1, "change_message": "[{\"added\": {}}]"}}, {"model": "admin.logentry", "pk": 58, "fields": {"action_time": "2020-12-26T08:00:57.794Z", "user": 1, "content_type": 8, "object_id": "42", "object_repr": "Пирог с вишней - 1 кг", "action_flag": 1, "change_message": "[{\"added\": {}}]"}}, {"model": "admin.logentry", "pk": 59, "fields": {"action_time": "2020-12-26T08:02:42.770Z", "user": 1, "content_type": 8, "object_id": "43", "object_repr": "Творог с зеленью – 1кг", "action_flag": 1, "change_message": "[{\"added\": {}}]"}}, {"model": "admin.logentry", "pk": 60, "fields": {"action_time": "2021-01-30T15:54:58.487Z", "user": 1, "content_type": 7, "object_id": "7", "object_repr": "Заморозки", "action_flag": 1, "change_message": "[{\"added\": {}}]"}}, {"model": "admin.logentry", "pk": 61, "fields": {"action_time": "2021-01-30T15:56:36.187Z", "user": 1, "content_type": 8, "object_id": "44", "object_repr": "Пельмени замороженные - 1 кг", "action_flag": 1, "change_message": "[{\"added\": {}}]"}}, {"model": "admin.logentry", "pk": 62, "fields": {"action_time": "2021-01-30T15:57:28.667Z", "user": 1, "content_type": 8, "object_id": "45", "object_repr": "Вареники замороженные - 1 кг", "action_flag": 1, "change_message": "[{\"added\": {}}]"}}, {"model": "admin.logentry", "pk": 63, "fields": {"action_time": "2021-01-30T15:58:06.190Z", "user": 1, "content_type": 8, "object_id": "46", "object_repr": "Голубцы замороженные - 1 кг", "action_flag": 1, "change_message": "[{\"added\": {}}]"}}, {"model": "admin.logentry", "pk": 64, "fields": {"action_time": "2021-01-30T15:59:03.710Z", "user": 1, "content_type": 8, "object_id": "47", "object_repr": "Манты замороженные - 1 кг", "action_flag": 1, "change_message": "[{\"added\": {}}]"}}, {"model": "admin.logentry", "pk": 65, "fields": {"action_time": "2021-01-30T15:59:55.671Z", "user": 1, "content_type": 8, "object_id": "48", "object_repr": "Замороженные блинчики - 1 кг", "action_flag": 1, "change_message": "[{\"added\": {}}]"}}, {"model": "admin.logentry", "pk": 66, "fields": {"action_time": "2021-01-30T16:00:42.458Z", "user": 1, "content_type": 8, "object_id": "49", "object_repr": "замороженная брусника - 1 кг", "action_flag": 1, "change_message": "[{\"added\": {}}]"}}, {"model": "admin.logentry", "pk": 67, "fields": {"action_time": "2021-01-30T16:01:30.476Z", "user": 1, "content_type": 8, "object_id": "49", "object_repr": "Брусника замороженная - 1 кг", "action_flag": 2, "change_message": "[{\"changed\": {\"fields\": [\"\\u041d\\u0430\\u0438\\u043c\\u0435\\u043d\\u043e\\u0432\\u0430\\u043d\\u0438\\u0435\"]}}]"}}, {"model": "admin.logentry", "pk": 68, "fields": {"action_time": "2021-01-30T16:01:43.400Z", "user": 1, "content_type": 8, "object_id": "48", "object_repr": "Блинчики замороженные - 1 кг", "action_flag": 2, "change_message": "[{\"changed\": {\"fields\": [\"\\u041d\\u0430\\u0438\\u043c\\u0435\\u043d\\u043e\\u0432\\u0430\\u043d\\u0438\\u0435\"]}}]"}}, {"model": "admin.logentry", "pk": 69, "fields": {"action_time": "2021-01-30T16:02:39.440Z", "user": 1, "content_type": 7, "object_id": "7", "object_repr": "Пироги на заказ / Заморозки", "action_flag": 2, "change_message": "[{\"changed\": {\"fields\": [\"parent\", \"lft\", \"rght\", \"tree_id\", \"level\"]}}]"}}, {"model": "admin.logentry", "pk": 70, "fields": {"action_time": "2021-01-30T16:02:51.127Z", "user": 1, "content_type": 7, "object_id": "7", "object_repr": "Заморозки", "action_flag": 2, "change_message": "[{\"changed\": {\"fields\": [\"parent\", \"lft\", \"rght\", \"level\"]}}]"}}, {"model": "admin.logentry", "pk": 71, "fields": {"action_time": "2021-01-30T16:03:02.027Z", "user": 1, "content_type": 7, "object_id": "6", "object_repr": "Пироги на заказ", "action_flag": 2, "change_message": "[{\"changed\": {\"fields\": [\"tree_id\"]}}]"}}, {"model": "admin.logentry", "pk": 72, "fields": {"action_time": "2021-01-30T16:03:30.120Z", "user": 1, "content_type": 7, "object_id": "7", "object_repr": "Заморозки - NEW!!!", "action_flag": 2, "change_message": "[{\"changed\": {\"fields\": [\"\\u041d\\u0430\\u0438\\u043c\\u0435\\u043d\\u043e\\u0432\\u0430\\u043d\\u0438\\u0435\"]}}]"}}, {"model": "admin.logentry", "pk": 73, "fields": {"action_time": "2021-01-30T16:03:39.988Z", "user": 1, "content_type": 7, "object_id": "6", "object_repr": "Пироги на заказ - NEW!!!", "action_flag": 2, "change_message": "[{\"changed\": {\"fields\": [\"\\u041d\\u0430\\u0438\\u043c\\u0435\\u043d\\u043e\\u0432\\u0430\\u043d\\u0438\\u0435\"]}}]"}}, {"model": "admin.logentry", "pk": 74, "fields": {"action_time": "2021-01-30T16:03:45.187Z", "user": 1, "content_type": 7, "object_id": "6", "object_repr": "Пироги на заказ - NEW!!!", "action_flag": 2, "change_message": "[{\"changed\": {\"fields\": [\"tree_id\"]}}]"}}, {"model": "admin.logentry", "pk": 75, "fields": {"action_time": "2021-01-30T16:03:48.488Z", "user": 1, "content_type": 7, "object_id": "7", "object_repr": "Заморозки - NEW!!!", "action_flag": 2, "change_message": "[{\"changed\": {\"fields\": [\"tree_id\"]}}]"}}, {"model": "admin.logentry", "pk": 76, "fields": {"action_time": "2021-01-31T12:36:06.282Z", "user": 1, "content_type": 10, "object_id": "6", "object_repr": "Антон", "action_flag": 3, "change_message": ""}}, {"model": "admin.logentry", "pk": 77, "fields": {"action_time": "2021-01-31T12:36:06.285Z", "user": 1, "content_type": 10, "object_id": "7", "object_repr": "Anton", "action_flag": 3, "change_message": ""}}, {"model": "admin.logentry", "pk": 78, "fields": {"action_time": "2021-01-31T12:36:06.286Z", "user": 1, "content_type": 10, "object_id": "8", "object_repr": "Антон", "action_flag": 3, "change_message": ""}}, {"model": "admin.logentry", "pk": 79, "fields": {"action_time": "2021-01-31T12:36:14.600Z", "user": 1, "content_type": 10, "object_id": "2", "object_repr": "Евегния", "action_flag": 2, "change_message": "[{\"changed\": {\"fields\": [\"\\u0418\\u043c\\u044f\"]}}]"}}, {"model": "admin.logentry", "pk": 80, "fields": {"action_time": "2021-01-31T12:36:22.560Z", "user": 1, "content_type": 10, "object_id": "2", "object_repr": "Евегния", "action_flag": 2, "change_message": "[{\"changed\": {\"fields\": [\"\\u0418\\u043c\\u044f\"]}}]"}}, {"model": "auth.permission", "pk": 1, "fields": {"name": "Can add log entry", "content_type": 1, "codename": "add_logentry"}}, {"model": "auth.permission", "pk": 2, "fields": {"name": "Can change log entry", "content_type": 1, "codename": "change_logentry"}}, {"model": "auth.permission", "pk": 3, "fields": {"name": "Can delete log entry", "content_type": 1, "codename": "delete_logentry"}}, {"model": "auth.permission", "pk": 4, "fields": {"name": "Can view log entry", "content_type": 1, "codename": "view_logentry"}}, {"model": "auth.permission", "pk": 5, "fields": {"name": "Can add permission", "content_type": 2, "codename": "add_permission"}}, {"model": "auth.permission", "pk": 6, "fields": {"name": "Can change permission", "content_type": 2, "codename": "change_permission"}}, {"model": "auth.permission", "pk": 7, "fields": {"name": "Can delete permission", "content_type": 2, "codename": "delete_permission"}}, {"model": "auth.permission", "pk": 8, "fields": {"name": "Can view permission", "content_type": 2, "codename": "view_permission"}}, {"model": "auth.permission", "pk": 9, "fields": {"name": "Can add group", "content_type": 3, "codename": "add_group"}}, {"model": "auth.permission", "pk": 10, "fields": {"name": "Can change group", "content_type": 3, "codename": "change_group"}}, {"model": "auth.permission", "pk": 11, "fields": {"name": "Can delete group", "content_type": 3, "codename": "delete_group"}}, {"model": "auth.permission", "pk": 12, "fields": {"name": "Can view group", "content_type": 3, "codename": "view_group"}}, {"model": "auth.permission", "pk": 13, "fields": {"name": "Can add user", "content_type": 4, "codename": "add_user"}}, {"model": "auth.permission", "pk": 14, "fields": {"name": "Can change user", "content_type": 4, "codename": "change_user"}}, {"model": "auth.permission", "pk": 15, "fields": {"name": "Can delete user", "content_type": 4, "codename": "delete_user"}}, {"model": "auth.permission", "pk": 16, "fields": {"name": "Can view user", "content_type": 4, "codename": "view_user"}}, {"model": "auth.permission", "pk": 17, "fields": {"name": "Can add content type", "content_type": 5, "codename": "add_contenttype"}}, {"model": "auth.permission", "pk": 18, "fields": {"name": "Can change content type", "content_type": 5, "codename": "change_contenttype"}}, {"model": "auth.permission", "pk": 19, "fields": {"name": "Can delete content type", "content_type": 5, "codename": "delete_contenttype"}}, {"model": "auth.permission", "pk": 20, "fields": {"name": "Can view content type", "content_type": 5, "codename": "view_contenttype"}}, {"model": "auth.permission", "pk": 21, "fields": {"name": "Can add session", "content_type": 6, "codename": "add_session"}}, {"model": "auth.permission", "pk": 22, "fields": {"name": "Can change session", "content_type": 6, "codename": "change_session"}}, {"model": "auth.permission", "pk": 23, "fields": {"name": "Can delete session", "content_type": 6, "codename": "delete_session"}}, {"model": "auth.permission", "pk": 24, "fields": {"name": "Can view session", "content_type": 6, "codename": "view_session"}}, {"model": "auth.permission", "pk": 25, "fields": {"name": "Can add category", "content_type": 7, "codename": "add_category"}}, {"model": "auth.permission", "pk": 26, "fields": {"name": "Can change category", "content_type": 7, "codename": "change_category"}}, {"model": "auth.permission", "pk": 27, "fields": {"name": "Can delete category", "content_type": 7, "codename": "delete_category"}}, {"model": "auth.permission", "pk": 28, "fields": {"name": "Can view category", "content_type": 7, "codename": "view_category"}}, {"model": "auth.permission", "pk": 29, "fields": {"name": "Can add product", "content_type": 8, "codename": "add_product"}}, {"model": "auth.permission", "pk": 30, "fields": {"name": "Can change product", "content_type": 8, "codename": "change_product"}}, {"model": "auth.permission", "pk": 31, "fields": {"name": "Can delete product", "content_type": 8, "codename": "delete_product"}}, {"model": "auth.permission", "pk": 32, "fields": {"name": "Can view product", "content_type": 8, "codename": "view_product"}}, {"model": "auth.permission", "pk": 33, "fields": {"name": "Can add shop cart", "content_type": 9, "codename": "add_shopcart"}}, {"model": "auth.permission", "pk": 34, "fields": {"name": "Can change shop cart", "content_type": 9, "codename": "change_shopcart"}}, {"model": "auth.permission", "pk": 35, "fields": {"name": "Can delete shop cart", "content_type": 9, "codename": "delete_shopcart"}}, {"model": "auth.permission", "pk": 36, "fields": {"name": "Can view shop cart", "content_type": 9, "codename": "view_shopcart"}}, {"model": "auth.permission", "pk": 37, "fields": {"name": "Can add order", "content_type": 10, "codename": "add_order"}}, {"model": "auth.permission", "pk": 38, "fields": {"name": "Can change order", "content_type": 10, "codename": "change_order"}}, {"model": "auth.permission", "pk": 39, "fields": {"name": "Can delete order", "content_type": 10, "codename": "delete_order"}}, {"model": "auth.permission", "pk": 40, "fields": {"name": "Can view order", "content_type": 10, "codename": "view_order"}}, {"model": "auth.permission", "pk": 41, "fields": {"name": "Can add order product", "content_type": 11, "codename": "add_orderproduct"}}, {"model": "auth.permission", "pk": 42, "fields": {"name": "Can change order product", "content_type": 11, "codename": "change_orderproduct"}}, {"model": "auth.permission", "pk": 43, "fields": {"name": "Can delete order product", "content_type": 11, "codename": "delete_orderproduct"}}, {"model": "auth.permission", "pk": 44, "fields": {"name": "Can view order product", "content_type": 11, "codename": "view_orderproduct"}}, {"model": "auth.permission", "pk": 45, "fields": {"name": "Can add user profile", "content_type": 12, "codename": "add_userprofile"}}, {"model": "auth.permission", "pk": 46, "fields": {"name": "Can change user profile", "content_type": 12, "codename": "change_userprofile"}}, {"model": "auth.permission", "pk": 47, "fields": {"name": "Can delete user profile", "content_type": 12, "codename": "delete_userprofile"}}, {"model": "auth.permission", "pk": 48, "fields": {"name": "Can view user profile", "content_type": 12, "codename": "view_userprofile"}}, {"model": "auth.user", "pk": 1, "fields": {"password": "pbkdf2_sha256$216000$KtpVaqSyaLCF$EXIU7QcxebP3FIv2C7cAzFn4xTvVGyLQmxsYRfFhIFw=", "last_login": "2021-01-31T12:35:50.661Z", "is_superuser": true, "username": "Ftorum_86", "first_name": "", "last_name": "", "email": "", "is_staff": true, "is_active": true, "date_joined": "2020-11-16T07:33:39.613Z", "groups": [], "user_permissions": []}}, {"model": "auth.user", "pk": 2, "fields": {"password": "pbkdf2_sha256$216000$8gDQGJgMOOhg$F/66yL9W47v9r6NjdLSnCcK7LMxLdh7AUeYn+88ehPk=", "last_login": "2020-12-25T19:38:57.631Z", "is_superuser": false, "username": "Антон", "first_name": "Антон", "last_name": "Попков", "email": "westftorum@gmail.com", "is_staff": false, "is_active": true, "date_joined": "2020-11-16T10:13:17.511Z", "groups": [], "user_permissions": []}}, {"model": "auth.user", "pk": 3, "fields": {"password": "pbkdf2_sha256$216000$CA3NKBe2uo63$Ue+dL6P1Kw26Y2w5yzU5mHiVbxJGP+/d0DBXlm71uB0=", "last_login": "2020-11-16T11:10:22.631Z", "is_superuser": false, "username": "Евгения", "first_name": "Евегния", "last_name": "Попкова", "email": "evgeniya.savinova.2012@mail.ru", "is_staff": false, "is_active": true, "date_joined": "2020-11-16T11:10:22.305Z", "groups": [], "user_permissions": []}}, {"model": "auth.user", "pk": 4, "fields": {"password": "pbkdf2_sha256$216000$09hqOVZI2Vfl$/taz1Z6JG0UnCzbn+YYO9evsyodoZvmjh999R/LU4W4=", "last_login": "2020-11-16T16:09:32.986Z", "is_superuser": false, "username": "yongeryk", "first_name": "Nikita", "last_name": "Popkov", "email": "yongeryk@gmail.com", "is_staff": false, "is_active": true, "date_joined": "2020-11-16T16:09:32.636Z", "groups": [], "user_permissions": []}}, {"model": "auth.user", "pk": 5, "fields": {"password": "pbkdf2_sha256$216000$en6jJ2yLs4N7$tgdlLuyE5OO6I80gm0TFB02evIDIa+3r+OtSyd17hD0=", "last_login": "2020-11-17T05:42:29.987Z", "is_superuser": false, "username": "Obzhora", "first_name": "Матвей", "last_name": "Виноградов", "email": "nat-and-mat123@mail.ru", "is_staff": false, "is_active": true, "date_joined": "2020-11-17T05:42:29.647Z", "groups": [], "user_permissions": []}}, {"model": "auth.user", "pk": 6, "fields": {"password": "pbkdf2_sha256$216000$QmEfLcN47Zl3$1y+JoEHvPnOI+KnRgqgVJxQI1ERREx6e+TvPY7c/wc0=", "last_login": "2020-11-25T03:21:42.517Z", "is_superuser": false, "username": "Num", "first_name": "Anton", "last_name": "Popkov", "email": "lolo@google.com", "is_staff": false, "is_active": true, "date_joined": "2020-11-25T03:21:42.217Z", "groups": [], "user_permissions": []}}, {"model": "contenttypes.contenttype", "pk": 1, "fields": {"app_label": "admin", "model": "logentry"}}, {"model": "contenttypes.contenttype", "pk": 2, "fields": {"app_label": "auth", "model": "permission"}}, {"model": "contenttypes.contenttype", "pk": 3, "fields": {"app_label": "auth", "model": "group"}}, {"model": "contenttypes.contenttype", "pk": 4, "fields": {"app_label": "auth", "model": "user"}}, {"model": "contenttypes.contenttype", "pk": 5, "fields": {"app_label": "contenttypes", "model": "contenttype"}}, {"model": "contenttypes.contenttype", "pk": 6, "fields": {"app_label": "sessions", "model": "session"}}, {"model": "contenttypes.contenttype", "pk": 7, "fields": {"app_label": "product", "model": "category"}}, {"model": "contenttypes.contenttype", "pk": 8, "fields": {"app_label": "product", "model": "product"}}, {"model": "contenttypes.contenttype", "pk": 9, "fields": {"app_label": "order", "model": "shopcart"}}, {"model": "contenttypes.contenttype", "pk": 10, "fields": {"app_label": "order", "model": "order"}}, {"model": "contenttypes.contenttype", "pk": 11, "fields": {"app_label": "order", "model": "orderproduct"}}, {"model": "contenttypes.contenttype", "pk": 12, "fields": {"app_label": "user", "model": "userprofile"}}, {"model": "sessions.session", "pk": "6epbvde02rz2xccgoe5lu4ftbqlztq9f", "fields": {"session_data": ".eJxVjMsOwiAQRf-FtSG8ZVy69xvIwIBUDSSlXRn_3TbpQrf3nHPfLOC61LCOPIeJ2IVJdvrdIqZnbjugB7Z756m3ZZ4i3xV-0MFvnfLrerh_BxVH3WrwGUxSLjqQNrt4LtajEkBFQ1JaFRcheenBmo2RJUnaGSWMcBJ1MuzzBdE1Nyg:1l5sWB:6IQYnZhiRjacu0rGPjYd-J7XC1ole69lsoWT4hLCvfE", "expire_date": "2021-02-13T15:50:35.050Z"}}, {"model": "sessions.session", "pk": "6wev9zau7vm8nnobu2u025mqxu5vt33s", "fields": {"session_data": ".eJxVjMsOwiAQRf-FtSG8ZVy69xvIwIBUDSSlXRn_3TbpQrf3nHPfLOC61LCOPIeJ2IVJdvrdIqZnbjugB7Z756m3ZZ4i3xV-0MFvnfLrerh_BxVH3WrwGUxSLjqQNrt4LtajEkBFQ1JaFRcheenBmo2RJUnaGSWMcBJ1MuzzBdE1Nyg:1kt4FD:UMcw45XLBs3v1OpNAZJkoaX9gq4m70Rha6_4rPJ2CGw", "expire_date": "2021-01-09T07:44:07.562Z"}}, {"model": "sessions.session", "pk": "e2ahb1u9pya45i695864o6f8lmz78w01", "fields": {"session_data": ".eJxVjDsOgzAQBe_iOrLA9ppPmZ4zWOtdbyAfkLCpotw9IFEk7Zt581YBtzKGLac1TKx6Beryu0WkR5oPwHecb4umZS7rFPWh6JNmPSycntfT_QuMmMf97byJJMZTC10nTGgqboUMNiDGNs45airroYbaWBThGK1YAGLvAKHbo4RrCVNJr6z66vMFVG083Q:1ketpd:GcPPMnQs-cpwEgoxzNy32GX6MiiSXN6KLauJZX6dIzQ", "expire_date": "2020-12-01T05:47:09.735Z"}}, {"model": "sessions.session", "pk": "hsgkhhydwoh5r0hmdcwryv9v9t45dl6y", "fields": {"session_data": ".eJxVjMsOwiAQRf-FtSG8ZVy69xvIwIBUDSSlXRn_3TbpQrf3nHPfLOC61LCOPIeJ2IVJdvrdIqZnbjugB7Z756m3ZZ4i3xV-0MFvnfLrerh_BxVH3WrwGUxSLjqQNrt4LtajEkBFQ1JaFRcheenBmo2RJUnaGSWMcBJ1MuzzBdE1Nyg:1kkRTv:bjqjHyPK-nf09wUdstsPwXo2r4y6LH6FptAkE6Ee3Uc", "expire_date": "2020-12-16T12:43:39.519Z"}}, {"model": "sessions.session", "pk": "jk6mjmytg2cf7g5eac4sci9idbzj72uh", "fields": {"session_data": ".eJxVjMsOgyAQRf-FdUMABxGX3fsNZAbGah-SCK6a_ns1cdFu7zn3vEXArU5hK7yGOYlegLj8boTxwcsB0h2XW5YxL3WdSR6KPGmRQ078vJ7uX2DCMu1vk9pOj2DYK2pHz5as056S1tyNCGANNjEqp8gZbx20DiBp7KiJu6TcHo241jBXfhXRq88XPvA8dg:1keh5d:IQaxehZq6tba8CiZ7ZXCKKlJyH0881gwm_9VHit9Eb0", "expire_date": "2020-11-30T16:10:49.122Z"}}, {"model": "sessions.session", "pk": "sdjrvnxyx6b7at158hdfq51l5yw6pl9l", "fields": {"session_data": ".eJxVjMsOwiAQRf-FtSG8ZVy69xvIwIBUDSSlXRn_3TbpQrf3nHPfLOC61LCOPIeJ2IVJdvrdIqZnbjugB7Z756m3ZZ4i3xV-0MFvnfLrerh_BxVH3WrwGUxSLjqQNrt4LtajEkBFQ1JaFRcheenBmo2RJUnaGSWMcBJ1MuzzBdE1Nyg:1l6BxG:HH-Pb14jPof8cCmchAnOw5iLJ9G_FP8RbdkYRegLB08", "expire_date": "2021-02-14T12:35:50.667Z"}}, {"model": "product.category", "pk": 1, "fields": {"parent": null, "title": "Холодные блюда", "keywords": "холод-блюда", "description": "-", "image": "", "status": "True", "slug": "holodnye-blyuda", "create_at": "2020-11-16T09:14:25.794Z", "update_at": "2020-11-16T09:14:25.794Z", "lft": 1, "rght": 2, "tree_id": 6, "level": 0}}, {"model": "product.category", "pk": 2, "fields": {"parent": null, "title": "Супы", "keywords": "суп", "description": "-", "image": "", "status": "True", "slug": "supy", "create_at": "2020-11-16T09:14:44.516Z", "update_at": "2020-11-16T09:14:44.516Z", "lft": 1, "rght": 2, "tree_id": 5, "level": 0}}, {"model": "product.category", "pk": 3, "fields": {"parent": null, "title": "Вторые блюда", "keywords": "втор-блюд", "description": "-", "image": "", "status": "True", "slug": "vtorye-blyuda", "create_at": "2020-11-16T09:15:01.487Z", "update_at": "2020-11-16T09:15:01.487Z", "lft": 1, "rght": 2, "tree_id": 1, "level": 0}}, {"model": "product.category", "pk": 4, "fields": {"parent": null, "title": "Гарниры", "keywords": "гарнир", "description": "-", "image": "", "status": "True", "slug": "garniry", "create_at": "2020-11-16T09:15:21.544Z", "update_at": "2020-11-16T09:15:21.544Z", "lft": 1, "rght": 2, "tree_id": 2, "level": 0}}, {"model": "product.category", "pk": 5, "fields": {"parent": null, "title": "Мучные изделия", "keywords": "мучное", "description": "-", "image": "", "status": "True", "slug": "muchnye-izdeliya", "create_at": "2020-11-16T09:15:38.726Z", "update_at": "2020-11-16T09:15:38.726Z", "lft": 1, "rght": 2, "tree_id": 4, "level": 0}}, {"model": "product.category", "pk": 6, "fields": {"parent": null, "title": "Пироги на заказ - NEW!!!", "keywords": "pirogy", "description": "пироги на заказ (дни рождения, юбилеи и т.п.)", "image": "images/Kapusta-razrez-kopiya-600x450.jpg", "status": "True", "slug": "pirogi-na-zakaz", "create_at": "2020-12-26T07:46:02.528Z", "update_at": "2021-01-30T16:03:45.186Z", "lft": 1, "rght": 2, "tree_id": 7, "level": 0}}, {"model": "product.category", "pk": 7, "fields": {"parent": null, "title": "Заморозки - NEW!!!", "keywords": "заморозка", "description": "Замороженные пельмени, вареники, голубцы и т.д.", "image": "images/9d8cbb0aed6575f56f6b422b9809e8e1.png", "status": "True", "slug": "zamorozki", "create_at": "2021-01-30T15:54:58.483Z", "update_at": "2021-01-30T16:03:48.487Z", "lft": 1, "rght": 2, "tree_id": 8, "level": 0}}, {"model": "product.product", "pk": 1, "fields": {"category": 1, "title": "Салат \"крабовый\"", "keywords": "краб", "description": "Крабовые палочки, кукуруза консервированная,  яблоко, огурец,  картофель, лук репчатый, майонез", "weight": 100, "image": "images/krab.jpg", "price": "21.43", "slug": "sal-krab", "status": "True", "create_at": "2020-11-16T09:18:38.776Z", "update_at": "2020-11-16T09:18:38.776Z"}}, {"model": "product.product", "pk": 2, "fields": {"category": 1, "title": "Салат из редьки и морковки", "keywords": "салат редь морковь", "description": "Редька, морковь", "weight": 100, "image": "images/salat_redka-morkov.jpg", "price": "18.88", "slug": "sal-red-morkov", "status": "True", "create_at": "2020-11-16T09:19:54.065Z", "update_at": "2020-11-16T09:19:54.065Z"}}, {"model": "product.product", "pk": 3, "fields": {"category": 1, "title": "Салат из капусты", "keywords": "салат капуста", "description": "Белокочанная капуста, перец, лук зеленый", "weight": 100, "image": "images/salat_kapusta.jpg", "price": "20.21", "slug": "salat-kopusta", "status": "True", "create_at": "2020-11-16T09:21:27.935Z", "update_at": "2020-11-16T09:21:27.935Z"}}, {"model": "product.product", "pk": 4, "fields": {"category": 1, "title": "Салат из свеклы с сыром и чесноком", "keywords": "салат свела сыр", "description": "Свекла, сыр, чеснок", "weight": 100, "image": "images/salat-svekla.jpg", "price": "19.66", "slug": "sal-svekla", "status": "True", "create_at": "2020-11-16T09:23:09.050Z", "update_at": "2020-11-16T09:23:09.050Z"}}, {"model": "product.product", "pk": 5, "fields": {"category": 1, "title": "Салат коктель \"Сюрприз\"", "keywords": "сюрприз", "description": "Говядина отварная, огурец, перед, сыр, майонез, сметана", "weight": 100, "image": "images/iazik_perec.jpeg", "price": "50.28", "slug": "surprise-salat", "status": "True", "create_at": "2020-11-16T09:24:50.909Z", "update_at": "2020-11-16T09:24:50.909Z"}}, {"model": "product.product", "pk": 6, "fields": {"category": 1, "title": "Заливное из языка", "keywords": "заливное", "description": "Язык, крахмал", "weight": 50, "image": "images/zalivnoe_ia_iazika.jpg", "price": "86.57", "slug": "zalivnoe", "status": "True", "create_at": "2020-11-16T09:26:22.909Z", "update_at": "2020-11-16T09:26:22.909Z"}}, {"model": "product.product", "pk": 7, "fields": {"category": 2, "title": "Солянка домашняя", "keywords": "солянка", "description": "Мясо говядина, окорок копчено-вареный, сосиски, лук репчатый, огурец консервированный, картофель молодой, томатная паста", "weight": 250, "image": "images/солянка.jpg", "price": "34.00", "slug": "solyanka", "status": "True", "create_at": "2020-11-16T09:28:38.877Z", "update_at": "2020-11-16T09:28:38.877Z"}}, {"model": "product.product", "pk": 8, "fields": {"category": 2, "title": "Суп картофельный с горохом", "keywords": "суп картофельный", "description": "Горох, картофель, морковь, лук репчатый", "weight": 250, "image": "images/гороховыи.jpg", "price": "9.46", "slug": "sup-goroh", "status": "True", "create_at": "2020-11-16T09:30:25.498Z", "update_at": "2020-11-16T09:30:25.498Z"}}, {"model": "product.product", "pk": 9, "fields": {"category": 2, "title": "Гренки из пшеничного хлеба", "keywords": "гренки", "description": "Хлеб", "weight": 20, "image": "images/гренки.jpg", "price": "3.26", "slug": "grenki", "status": "True", "create_at": "2020-11-16T09:31:26.661Z", "update_at": "2020-11-16T09:31:26.661Z"}}, {"model": "product.product", "pk": 10, "fields": {"category": 2, "title": "Сметана", "keywords": "сметана", "description": "Вах-вах, её обязательно в супец :)", "weight": 10, "image": "images/сметана.jpg", "price": "2.63", "slug": "smetana", "status": "True", "create_at": "2020-11-16T09:33:04.425Z", "update_at": "2020-11-16T09:33:04.425Z"}}, {"model": "product.product", "pk": 11, "fields": {"category": 3, "title": "Котлета по волжски из трески", "keywords": "котлета по волжски", "description": "Треска, мясо свинины, лук репчатый, яйцо, сухари панировочные", "weight": 75, "image": "images/Котлета_по_волжски_из_трески.jpg", "price": "46.99", "slug": "kotletagjpovolsh", "status": "True", "create_at": "2020-11-16T09:35:16.548Z", "update_at": "2020-11-16T09:35:16.548Z"}}, {"model": "product.product", "pk": 12, "fields": {"category": 3, "title": "Рыба жаренная окунь", "keywords": "рыба окунь", "description": "Окунь", "weight": 100, "image": "images/окунь_жареныи.jpeg", "price": "57.25", "slug": "okun", "status": "True", "create_at": "2020-11-16T09:36:14.534Z", "update_at": "2020-11-16T09:36:14.534Z"}}, {"model": "product.product", "pk": 13, "fields": {"category": 3, "title": "Мясо отварное говядина", "keywords": "мясо говядина", "description": "Говядина", "weight": 50, "image": "images/отварная_говядина.jpg", "price": "55.02", "slug": "govyadinaotvarnaya", "status": "True", "create_at": "2020-11-16T09:37:35.864Z", "update_at": "2020-11-16T09:37:35.864Z"}}, {"model": "product.product", "pk": 14, "fields": {"category": 3, "title": "Азу", "keywords": "азу", "description": "Говядина, томатная паста, лук репчатый, мука пшеница, огурец консервированный, картофель, чеснок", "weight": 250, "image": "images/азу.jpeg", "price": "82.74", "slug": "azu", "status": "True", "create_at": "2020-11-16T09:39:24.846Z", "update_at": "2020-11-16T09:39:24.846Z"}}, {"model": "product.product", "pk": 15, "fields": {"category": 3, "title": "Биточки мясные с омлетом", "keywords": "биточки", "description": "Мясо свинины, говядины, яйцо, молоко, лук репчатый, сметана, мука, сода, специи", "weight": 100, "image": "images/биточки_с_омлетом.jpg", "price": "72.17", "slug": "bitochkimyasnie", "status": "True", "create_at": "2020-11-16T09:41:34.008Z", "update_at": "2020-11-16T09:41:34.008Z"}}, {"model": "product.product", "pk": 16, "fields": {"category": 3, "title": "Мясо острое свинина", "keywords": "мясо острое свинина", "description": "Свинина, уксус, специи, лук маринованный", "weight": 100, "image": "images/мясо_острое_свинина.jpg", "price": "82.52", "slug": "svininaostraya", "status": "True", "create_at": "2020-11-16T09:42:54.173Z", "update_at": "2020-11-16T09:42:54.173Z"}}, {"model": "product.product", "pk": 17, "fields": {"category": 3, "title": "Оладьи из печени \"Лада\"", "keywords": "лада", "description": "Печень говяжья, свинина, лук репчатый, морковь, яйцо, мука, мода, специи", "weight": 90, "image": "images/оладьи_из_печени.jpg", "price": "35.99", "slug": "oladipechen", "status": "True", "create_at": "2020-11-16T09:46:12.996Z", "update_at": "2020-11-16T09:46:12.996Z"}}, {"model": "product.product", "pk": 18, "fields": {"category": 3, "title": "Отбивная из куриной грудки с овощами", "keywords": "отбивная грудка", "description": "Грудка куриная, морковь, лук репчатый, сыр, майонез", "weight": 100, "image": "images/отбивная_из_куриннои_грудки.jpg", "price": "61.11", "slug": "otbivnayakuricagrudka", "status": "True", "create_at": "2020-11-16T09:48:11.409Z", "update_at": "2020-11-16T09:49:03.938Z"}}, {"model": "product.product", "pk": 19, "fields": {"category": 3, "title": "Сырники из творога", "keywords": "сырники", "description": "Творог, мука, яйцо, сахар", "weight": 75, "image": "images/сырники.jpg", "price": "30.07", "slug": "sirniki", "status": "True", "create_at": "2020-11-16T09:49:50.743Z", "update_at": "2020-11-16T09:49:50.743Z"}}, {"model": "product.product", "pk": 20, "fields": {"category": 3, "title": "Каша из овсяных хлопьев", "keywords": "каша овсянка", "description": "Каша на молоке", "weight": 200, "image": "images/каша_овсяная.jpg", "price": "16.52", "slug": "ovsyankamoloko", "status": "True", "create_at": "2020-11-16T09:51:39.732Z", "update_at": "2020-11-16T09:51:39.732Z"}}, {"model": "product.product", "pk": 21, "fields": {"category": 3, "title": "Масло сливочное", "keywords": "масло слив", "description": "Масло", "weight": 10, "image": "images/масло_сливочное.jpeg", "price": "6.70", "slug": "slivochnoema", "status": "True", "create_at": "2020-11-16T09:53:04.152Z", "update_at": "2020-11-25T03:26:33.932Z"}}, {"model": "product.product", "pk": 22, "fields": {"category": 4, "title": "Картофель отварной с грибами", "keywords": "картофель отварной", "description": "Картофель, лук репчатый, грибы с/м", "weight": 150, "image": "images/картофель_с_грибами.jpg", "price": "28.27", "slug": "kortohelgribi", "status": "True", "create_at": "2020-11-16T09:54:30.494Z", "update_at": "2020-11-16T09:54:30.494Z"}}, {"model": "product.product", "pk": 23, "fields": {"category": 4, "title": "Макароны отварные с овощами", "keywords": "макароны", "description": "Макароны, морковь, лук репчатый, перец, томатная паста", "weight": 150, "image": "images/макароны_с_овощями.jpg", "price": "13.48", "slug": "makaroniovohi", "status": "True", "create_at": "2020-11-16T09:55:54.490Z", "update_at": "2020-11-16T09:55:54.490Z"}}, {"model": "product.product", "pk": 24, "fields": {"category": 4, "title": "Каша гречневая рассыпчатая", "keywords": "Каша гречневая", "description": "Гречка", "weight": 150, "image": "images/грешка.jpg", "price": "11.42", "slug": "grechka", "status": "True", "create_at": "2020-11-16T09:56:57.404Z", "update_at": "2020-11-16T09:56:57.404Z"}}, {"model": "product.product", "pk": 25, "fields": {"category": 4, "title": "Лук маринованный", "keywords": "лук", "description": "Лук", "weight": 50, "image": "images/лук_маринованныи.jpg", "price": "4.99", "slug": "lukmarin", "status": "True", "create_at": "2020-11-16T09:57:35.891Z", "update_at": "2020-11-16T09:57:35.891Z"}}, {"model": "product.product", "pk": 26, "fields": {"category": 4, "title": "Огурцы консервированные", "keywords": "огурцы", "description": "Огурцы", "weight": 20, "image": "images/огурцы_консервированные.jpg", "price": "7.27", "slug": "ogurzikonservirovani", "status": "True", "create_at": "2020-11-16T09:58:51.037Z", "update_at": "2020-11-16T09:58:51.037Z"}}, {"model": "product.product", "pk": 27, "fields": {"category": 4, "title": "Свекла вареная тертая", "keywords": "свекла", "description": "Свекла", "weight": 30, "image": "images/свекла_варенная_тертая.jpg", "price": "3.25", "slug": "sveklatertaya", "status": "True", "create_at": "2020-11-16T09:59:56.339Z", "update_at": "2020-11-16T09:59:56.339Z"}}, {"model": "product.product", "pk": 28, "fields": {"category": 4, "title": "Чеснок свежий", "keywords": "чеснок", "description": "Чеснок", "weight": 5, "image": "images/чеснок.jpg", "price": "2.60", "slug": "chesnok", "status": "True", "create_at": "2020-11-16T10:00:45.959Z", "update_at": "2020-11-16T10:00:45.959Z"}}, {"model": "product.product", "pk": 29, "fields": {"category": 4, "title": "Майонез", "keywords": "майонез", "description": "майонез", "weight": 10, "image": "images/маионезщ.jpg", "price": "1.80", "slug": "mayonez", "status": "True", "create_at": "2020-11-16T10:01:42.261Z", "update_at": "2020-11-16T10:01:42.261Z"}}, {"model": "product.product", "pk": 30, "fields": {"category": 4, "title": "Горчица", "keywords": "горчица", "description": "Горчица", "weight": 10, "image": "images/горчица.jpg", "price": "1.55", "slug": "gorchiza", "status": "True", "create_at": "2020-11-16T10:02:39.451Z", "update_at": "2020-11-16T10:02:39.451Z"}}, {"model": "product.product", "pk": 31, "fields": {"category": 4, "title": "Кетчуп", "keywords": "кетчуп", "description": "кетчуп", "weight": 20, "image": "images/кетчуп.jpg", "price": "4.50", "slug": "ketchup", "status": "True", "create_at": "2020-11-16T10:03:27.252Z", "update_at": "2020-11-16T10:03:27.252Z"}}, {"model": "product.product", "pk": 32, "fields": {"category": 5, "title": "Булочка \"Оригинальная\"", "keywords": "булочка-повидло", "description": "С повидлом", "weight": 85, "image": "images/булочка_с_повидлом.jpg", "price": "13.05", "slug": "bulochkapovidlo", "status": "True", "create_at": "2020-11-16T10:04:39.647Z", "update_at": "2020-11-16T10:04:39.647Z"}}, {"model": "product.product", "pk": 33, "fields": {"category": 5, "title": "Плетенка с тыквой", "keywords": "плетенка с тыквой", "description": "Тесто, тыква", "weight": 60, "image": "images/плетенка_с_тыквои.jpg", "price": "14.08", "slug": "pletenkastivoy", "status": "True", "create_at": "2020-11-16T10:05:42.707Z", "update_at": "2020-11-16T10:05:42.707Z"}}, {"model": "product.product", "pk": 34, "fields": {"category": 5, "title": "Элеш с птицей", "keywords": "Элеш", "description": "Тесто, филе окорочков куриных, лук репчатый,  картофель, масло сливочное", "weight": 70, "image": "images/элеш_с_птицеи.jpg", "price": "23.19", "slug": "elehkuriza", "status": "True", "create_at": "2020-11-16T10:07:52.026Z", "update_at": "2020-11-16T10:07:52.027Z"}}, {"model": "product.product", "pk": 35, "fields": {"category": 5, "title": "Хлеб пшеничные", "keywords": "Хлеб", "description": "Хлеб пшеничный", "weight": 33, "image": "images/хлеб_белыи.jpg", "price": "290.00", "slug": "hlebpheniza", "status": "True", "create_at": "2020-11-16T10:08:54.203Z", "update_at": "2020-11-16T10:08:54.203Z"}}, {"model": "product.product", "pk": 36, "fields": {"category": 5, "title": "Хлеб столичный", "keywords": "хлеб столчный", "description": "Хлеб как хлеб, только загорелый))", "weight": 37, "image": "images/хлеб_столичныи.jpg", "price": "2.90", "slug": "hlebstolochnii", "status": "True", "create_at": "2020-11-16T10:10:00.839Z", "update_at": "2020-11-16T10:10:00.839Z"}}, {"model": "product.product", "pk": 37, "fields": {"category": 5, "title": "Хлеб 8 злаков", "keywords": "8 злаков", "description": "8 злаков, но каких - это секрет", "weight": 35, "image": "images/хлеб_8_злаков.jpg", "price": "7.20", "slug": "hleb8zlakov", "status": "True", "create_at": "2020-11-16T10:11:15.713Z", "update_at": "2020-11-16T10:11:15.713Z"}}, {"model": "product.product", "pk": 38, "fields": {"category": 6, "title": "Курица картофель – 1кг", "keywords": "chicken-potator", "description": "Бедро филе куриное охлажденное, картофель, укроп, лук, сметана, соль, перец, слоено-дрожжевое тесто.", "weight": 1000, "image": "images/Kuritsa-griby-razrez-1-600x450.jpg", "price": "800.00", "slug": "pirogi-na-zakaz", "status": "True", "create_at": "2020-12-26T07:50:45.087Z", "update_at": "2020-12-26T07:50:45.087Z"}}, {"model": "product.product", "pk": 39, "fields": {"category": 6, "title": "Зеленый лук с яйцом – 1кг", "keywords": "pirogy_luk_eggs", "description": "Благодаря отличному сочетанию ингредиентов этот пирог не оставит равнодушным ни одного члена вашей семьи.", "weight": 1000, "image": "images/Kapusta-razrez-kopiya-600x450_zsViy4V.jpg", "price": "750.00", "slug": "pirogi-na-zakaz_2", "status": "True", "create_at": "2020-12-26T07:53:40.763Z", "update_at": "2020-12-26T07:53:40.763Z"}}, {"model": "product.product", "pk": 40, "fields": {"category": 6, "title": "Пирог с семгой - 1кг", "keywords": "pirogy", "description": "Филе семги охлажденное, масло сливочное, соль, перец черный молотый, слоено-дрожжевое тесто.", "weight": 1000, "image": "images/semga-razrez-1-600x451.jpg", "price": "1000.00", "slug": "pirogi-na-zakaz_semga", "status": "True", "create_at": "2020-12-26T07:55:57.826Z", "update_at": "2020-12-26T07:56:13.584Z"}}, {"model": "product.product", "pk": 41, "fields": {"category": 6, "title": "Пирог с яблоком - 1кг", "keywords": "pirogy_yabloko", "description": "Яблоко, корица, сахар, слоено-дрожжевое тесто.", "weight": 1000, "image": "images/YAbloko-razrez-2-600x450.jpg", "price": "790.00", "slug": "pirogi-na-zakaz_yabloko", "status": "True", "create_at": "2020-12-26T07:58:06.509Z", "update_at": "2020-12-26T07:58:06.509Z"}}, {"model": "product.product", "pk": 42, "fields": {"category": 6, "title": "Пирог с вишней - 1 кг", "keywords": "pirogy_vishnya", "description": "Вишня, сахар, слоено-дрожжевое тесто.", "weight": 1000, "image": "images/Vishnya-razrez-600x450.jpg", "price": "850.00", "slug": "pirogi-na-zakaz_vishnya", "status": "True", "create_at": "2020-12-26T08:00:57.792Z", "update_at": "2020-12-26T08:00:57.792Z"}}, {"model": "product.product", "pk": 43, "fields": {"category": 6, "title": "Творог с зеленью – 1кг", "keywords": "pirogy_tvorog", "description": "Творог, укроп, петрушка, соль, слоено-дрожжевое тесто.", "weight": 1000, "image": "images/Pirog-s-tvorogom-i-zelenyu-1-600x450.jpg", "price": "790.00", "slug": "pirogi-na-zakaz_tvorog", "status": "True", "create_at": "2020-12-26T08:02:42.768Z", "update_at": "2020-12-26T08:02:42.768Z"}}, {"model": "product.product", "pk": 44, "fields": {"category": 7, "title": "Пельмени замороженные - 1 кг", "keywords": "заморозка", "description": "Замороженные пельмени с мясом", "weight": 1000, "image": "images/9d8cbb0aed6575f56f6b422b9809e8e1_1CxG2MY.png", "price": "190.00", "slug": "blyuda-na-dom-zamorozhennye", "status": "True", "create_at": "2021-01-30T15:56:36.182Z", "update_at": "2021-01-30T15:56:36.182Z"}}, {"model": "product.product", "pk": 45, "fields": {"category": 7, "title": "Вареники замороженные - 1 кг", "keywords": "заморозка", "description": "Вареники замороженные с картошкой", "weight": 1000, "image": "images/Вареники_с_картофелем_и_грибами.jpg", "price": "150.00", "slug": "blyuda-na-dom-zamorozhennye2", "status": "True", "create_at": "2021-01-30T15:57:28.665Z", "update_at": "2021-01-30T15:57:28.665Z"}}, {"model": "product.product", "pk": 46, "fields": {"category": 7, "title": "Голубцы замороженные - 1 кг", "keywords": "заморозка", "description": "Голубцы с мясом", "weight": 1000, "image": "images/bd79686460af6c905451c36138abf2e1.jpg", "price": "160.00", "slug": "blyuda-na-dom-zamorozhennye3", "status": "True", "create_at": "2021-01-30T15:58:06.189Z", "update_at": "2021-01-30T15:58:06.189Z"}}, {"model": "product.product", "pk": 47, "fields": {"category": 7, "title": "Манты замороженные - 1 кг", "keywords": "заморозка", "description": "Манты с мясом", "weight": 1000, "image": "images/baf65a17c0d2a39e90d2398907a70c00.jpg", "price": "200.00", "slug": "blyuda-na-dom-zamorozhennye4", "status": "True", "create_at": "2021-01-30T15:59:03.707Z", "update_at": "2021-01-30T15:59:03.707Z"}}, {"model": "product.product", "pk": 48, "fields": {"category": 7, "title": "Блинчики замороженные - 1 кг", "keywords": "заморозка", "description": "Блинчики с мясом", "weight": 1000, "image": "images/CL-05.jpg", "price": "150.00", "slug": "blyuda-na-dom-zamorozhennye5", "status": "True", "create_at": "2021-01-30T15:59:55.668Z", "update_at": "2021-01-30T16:01:43.399Z"}}, {"model": "product.product", "pk": 49, "fields": {"category": 7, "title": "Брусника замороженная - 1 кг", "keywords": "заморозка", "description": "Брусника", "weight": 1000, "image": "images/брусника.jpg", "price": "250.00", "slug": "blyuda-na-dom-zamorozhennye6", "status": "True", "create_at": "2021-01-30T16:00:42.456Z", "update_at": "2021-01-30T16:01:30.473Z"}}, {"model": "order.order", "pk": 2, "fields": {"user": 3, "code": "3OUJT", "first_name": "Евгения", "last_name": "Попкова", "phone": "89324228952", "tab_number": "259123", "total": 126.63, "status": "New", "ip": "95.47.78.218", "adminnote": "", "create_at": "2020-11-16T11:11:50.939Z", "update_at": "2021-01-31T12:36:22.556Z"}}, {"model": "order.order", "pk": 4, "fields": {"user": 5, "code": "IIUHZ", "first_name": "Матвей", "last_name": "Виноградов", "phone": "89226584778", "tab_number": "262514", "total": 116.92, "status": "New", "ip": "176.59.213.136", "adminnote": "", "create_at": "2020-11-17T05:47:09.717Z", "update_at": "2020-11-17T05:47:09.717Z"}}, {"model": "order.order", "pk": 5, "fields": {"user": 2, "code": "NW5MD", "first_name": "Антон", "last_name": "Попков", "phone": "89324228952", "tab_number": "247117", "total": 461.16, "status": "New", "ip": "85.140.19.30", "adminnote": "", "create_at": "2020-11-25T03:30:29.078Z", "update_at": "2020-11-25T03:33:52.487Z"}}, {"model": "order.orderproduct", "pk": 4, "fields": {"order": 2, "user": 3, "product": 33, "quantity": 1, "price": 14.08, "amount": 14.08, "status": "New", "create_at": "2020-11-16T11:11:50.942Z", "update_at": "2020-11-16T11:11:50.942Z"}}, {"model": "order.orderproduct", "pk": 5, "fields": {"order": 2, "user": 3, "product": 19, "quantity": 1, "price": 30.07, "amount": 30.07, "status": "New", "create_at": "2020-11-16T11:11:50.944Z", "update_at": "2020-11-16T11:11:50.944Z"}}, {"model": "order.orderproduct", "pk": 6, "fields": {"order": 2, "user": 3, "product": 22, "quantity": 1, "price": 28.27, "amount": 28.27, "status": "New", "create_at": "2020-11-16T11:11:50.945Z", "update_at": "2020-11-16T11:11:50.945Z"}}, {"model": "order.orderproduct", "pk": 7, "fields": {"order": 2, "user": 3, "product": 7, "quantity": 1, "price": 34.0, "amount": 34.0, "status": "New", "create_at": "2020-11-16T11:11:50.947Z", "update_at": "2020-11-16T11:11:50.947Z"}}, {"model": "order.orderproduct", "pk": 8, "fields": {"order": 2, "user": 3, "product": 3, "quantity": 1, "price": 20.21, "amount": 20.21, "status": "New", "create_at": "2020-11-16T11:11:50.948Z", "update_at": "2020-11-16T11:11:50.948Z"}}, {"model": "order.orderproduct", "pk": 12, "fields": {"order": 4, "user": 5, "product": 1, "quantity": 1, "price": 21.43, "amount": 21.43, "status": "New", "create_at": "2020-11-17T05:47:09.719Z", "update_at": "2020-11-17T05:47:09.719Z"}}, {"model": "order.orderproduct", "pk": 13, "fields": {"order": 4, "user": 5, "product": 7, "quantity": 1, "price": 34.0, "amount": 34.0, "status": "New", "create_at": "2020-11-17T05:47:09.721Z", "update_at": "2020-11-17T05:47:09.721Z"}}, {"model": "order.orderproduct", "pk": 14, "fields": {"order": 4, "user": 5, "product": 24, "quantity": 1, "price": 11.42, "amount": 11.42, "status": "New", "create_at": "2020-11-17T05:47:09.723Z", "update_at": "2020-11-17T05:47:09.723Z"}}, {"model": "order.orderproduct", "pk": 15, "fields": {"order": 4, "user": 5, "product": 17, "quantity": 1, "price": 35.99, "amount": 35.99, "status": "New", "create_at": "2020-11-17T05:47:09.724Z", "update_at": "2020-11-17T05:47:09.724Z"}}, {"model": "order.orderproduct", "pk": 16, "fields": {"order": 4, "user": 5, "product": 33, "quantity": 1, "price": 14.08, "amount": 14.08, "status": "New", "create_at": "2020-11-17T05:47:09.725Z", "update_at": "2020-11-17T05:47:09.725Z"}}, {"model": "order.orderproduct", "pk": 17, "fields": {"order": 5, "user": 2, "product": 20, "quantity": 1, "price": 16.52, "amount": 16.52, "status": "New", "create_at": "2020-11-25T03:30:29.083Z", "update_at": "2020-11-25T03:30:29.083Z"}}, {"model": "order.orderproduct", "pk": 18, "fields": {"order": 5, "user": 2, "product": 19, "quantity": 1, "price": 30.07, "amount": 30.07, "status": "New", "create_at": "2020-11-25T03:30:29.086Z", "update_at": "2020-11-25T03:30:29.086Z"}}, {"model": "order.orderproduct", "pk": 19, "fields": {"order": 5, "user": 2, "product": 18, "quantity": 2, "price": 61.11, "amount": 122.22, "status": "New", "create_at": "2020-11-25T03:30:29.087Z", "update_at": "2020-11-25T03:30:29.087Z"}}, {"model": "order.orderproduct", "pk": 20, "fields": {"order": 5, "user": 2, "product": 3, "quantity": 2, "price": 20.21, "amount": 40.42, "status": "New", "create_at": "2020-11-25T03:30:29.088Z", "update_at": "2020-11-25T03:30:29.088Z"}}, {"model": "order.orderproduct", "pk": 21, "fields": {"order": 5, "user": 2, "product": 17, "quantity": 7, "price": 35.99, "amount": 251.93, "status": "New", "create_at": "2020-11-25T03:30:29.089Z", "update_at": "2020-11-25T03:30:29.089Z"}}, {"model": "user.userprofile", "pk": 1, "fields": {"user": 2, "phone": "", "tab_number": ""}}, {"model": "user.userprofile", "pk": 2, "fields": {"user": 3, "phone": "", "tab_number": ""}}, {"model": "user.userprofile", "pk": 3, "fields": {"user": 4, "phone": "", "tab_number": ""}}, {"model": "user.userprofile", "pk": 4, "fields": {"user": 5, "phone": "", "tab_number": ""}}, {"model": "user.userprofile", "pk": 5, "fields": {"user": 6, "phone": "", "tab_number": ""}}]